window_id,target_id,window_role,stage,model_id,model_family,horizon_days,nominal_level,point_forecast_count,interval_forecast_count,interval_availability_fraction,empirical_coverage,average_width,mean_winkler_score
middle_stable_2009_2016,mid_E2_B,primary,evaluation,arima_ar1,ARIMA,1,0.8,61,61,1.0,1.0,0.8741043331637466,0.8741043331637466
middle_stable_2009_2016,mid_E2_B,primary,evaluation,arima_ar1,ARIMA,2,0.8,61,61,1.0,1.0,1.1288985349955774,1.1288985349955774
middle_stable_2009_2016,mid_E2_B,primary,evaluation,arima_ar1,ARIMA,7,0.8,58,58,1.0,1.0,1.4710559388541096,1.4710559388541096
middle_stable_2009_2016,mid_E2_B,primary,evaluation,arima_ar1_weekly,ARIMA,1,0.8,61,61,1.0,1.0,0.873886846486369,0.873886846486369
middle_stable_2009_2016,mid_E2_B,primary,evaluation,arima_ar1_weekly,ARIMA,2,0.8,61,61,1.0,1.0,1.1261164023822374,1.1261164023822374
middle_stable_2009_2016,mid_E2_B,primary,evaluation,arima_ar1_weekly,ARIMA,7,0.8,58,58,1.0,1.0,1.4580696180614425,1.4580696180614425
middle_stable_2009_2016,mid_E2_B,primary,evaluation,arima_ar2,ARIMA,1,0.8,58,58,1.0,1.0,0.8539639904793608,0.8539639904793608
middle_stable_2009_2016,mid_E2_B,primary,evaluation,arima_ar2,ARIMA,2,0.8,58,58,1.0,0.9827586206896551,1.0104161134858094,1.016389033487443
middle_stable_2009_2016,mid_E2_B,primary,evaluation,arima_ar2,ARIMA,7,0.8,55,55,1.0,1.0,1.3904549110283286,1.3904549110283286
middle_stable_2009_2016,mid_E2_B,primary,evaluation,arima_arma11,ARIMA,1,0.8,61,61,1.0,1.0,0.8392958060310778,0.8392958060310778
middle_stable_2009_2016,mid_E2_B,primary,evaluation,arima_arma11,ARIMA,2,0.8,61,61,1.0,0.9836065573770492,0.9548262886773806,0.9577189684585488
middle_stable_2009_2016,mid_E2_B,primary,evaluation,arima_arma11,ARIMA,7,0.8,58,58,1.0,1.0,1.2710470539310257,1.2710470539310257
middle_stable_2009_2016,mid_E2_B,primary,evaluation,arima_mean,ARIMA,1,0.8,57,57,1.0,1.0,1.5100621142199546,1.5100621142199546
middle_stable_2009_2016,mid_E2_B,primary,evaluation,arima_mean,ARIMA,2,0.8,57,57,1.0,1.0,1.5100621142199546,1.5100621142199546
middle_stable_2009_2016,mid_E2_B,primary,evaluation,arima_mean,ARIMA,7,0.8,54,54,1.0,1.0,1.5095880227889127,1.5095880227889127
middle_stable_2009_2016,mid_E2_B,primary,evaluation,expanding_median,baseline,1,0.8,61,61,1.0,0.8524590163934426,0.39999999999999986,0.4377049180327838
middle_stable_2009_2016,mid_E2_B,primary,evaluation,expanding_median,baseline,2,0.8,61,61,1.0,0.9016393442622951,0.39999999999999986,0.4868852459016393
middle_stable_2009_2016,mid_E2_B,primary,evaluation,expanding_median,baseline,7,0.8,58,58,1.0,0.7931034482758621,0.4,0.5250000000000034
middle_stable_2009_2016,mid_E2_B,primary,evaluation,persistence,baseline,1,0.8,61,61,1.0,0.7704918032786885,0.49844262295081726,0.6095901639344238
middle_stable_2009_2016,mid_E2_B,primary,evaluation,persistence,baseline,2,0.8,61,61,1.0,0.7540983606557377,0.4096557377049267,0.7161311475409827
middle_stable_2009_2016,mid_E2_B,primary,evaluation,persistence,baseline,7,0.8,58,58,1.0,0.7586206896551724,0.4255862068965539,0.6325689655172432
middle_stable_2009_2016,mid_E2_B,primary,evaluation,prior_year_same_date,baseline,1,0.8,57,57,1.0,0.8947368421052632,0.5308947368421091,0.6751052631578977
middle_stable_2009_2016,mid_E2_B,primary,evaluation,prior_year_same_date,baseline,2,0.8,57,57,1.0,0.8245614035087719,0.41368421052632104,0.6307894736842158
middle_stable_2009_2016,mid_E2_B,primary,evaluation,prior_year_same_date,baseline,7,0.8,56,56,1.0,0.875,0.5738839285714178,0.7554910714285716
middle_stable_2009_2016,mid_E2_B,primary,evaluation,zero_change,baseline,1,0.8,61,61,1.0,0.8524590163934426,0.39999999999999986,0.4377049180327838
middle_stable_2009_2016,mid_E2_B,primary,evaluation,zero_change,baseline,2,0.8,61,61,1.0,0.9016393442622951,0.39999999999999986,0.4868852459016393
middle_stable_2009_2016,mid_E2_B,primary,evaluation,zero_change,baseline,7,0.8,58,58,1.0,0.7931034482758621,0.4,0.5250000000000034
middle_stable_2009_2016,mid_E2_B,primary,selection,arima_ar1,ARIMA,1,0.8,85,85,1.0,0.8352941176470589,0.8195538928539285,2.1158566855402636
middle_stable_2009_2016,mid_E2_B,primary,selection,arima_ar1,ARIMA,2,0.8,85,85,1.0,0.8705882352941177,1.0351511185196638,1.9571952330995366
middle_stable_2009_2016,mid_E2_B,primary,selection,arima_ar1,ARIMA,7,0.8,81,81,1.0,0.8765432098765432,1.3681506164079769,1.7805726347510547
middle_stable_2009_2016,mid_E2_B,primary,selection,arima_ar1_weekly,ARIMA,1,0.8,85,85,1.0,0.8352941176470589,0.8194065814011429,2.105525720141421
middle_stable_2009_2016,mid_E2_B,primary,selection,arima_ar1_weekly,ARIMA,2,0.8,85,85,1.0,0.8705882352941177,1.0350534976676147,1.9456870907134673
middle_stable_2009_2016,mid_E2_B,primary,selection,arima_ar1_weekly,ARIMA,7,0.8,81,81,1.0,0.8765432098765432,1.3692931598097,1.7361880335749773
middle_stable_2009_2016,mid_E2_B,primary,selection,arima_ar2,ARIMA,1,0.8,85,85,1.0,0.8235294117647058,0.8078452741429607,2.108692376472953
middle_stable_2009_2016,mid_E2_B,primary,selection,arima_ar2,ARIMA,2,0.8,85,85,1.0,0.8705882352941177,0.9565388509942323,1.8777578948005558
middle_stable_2009_2016,mid_E2_B,primary,selection,arima_ar2,ARIMA,7,0.8,81,81,1.0,0.8888888888888888,1.3021458409527225,1.534512500563327
middle_stable_2009_2016,mid_E2_B,primary,selection,arima_arma11,ARIMA,1,0.8,85,85,1.0,0.8470588235294118,0.7995842461651839,2.1708955939155463
middle_stable_2009_2016,mid_E2_B,primary,selection,arima_arma11,ARIMA,2,0.8,85,85,1.0,0.8588235294117647,0.9146756992873246,1.9074013752575643
middle_stable_2009_2016,mid_E2_B,primary,selection,arima_arma11,ARIMA,7,0.8,81,81,1.0,0.8888888888888888,1.216872916229679,1.4352897657050054
middle_stable_2009_2016,mid_E2_B,primary,selection,arima_mean,ARIMA,1,0.8,82,82,1.0,0.8292682926829268,1.4102529632880274,2.768956690769832
middle_stable_2009_2016,mid_E2_B,primary,selection,arima_mean,ARIMA,2,0.8,82,82,1.0,0.8536585365853658,1.4102529632880274,2.640730807918262
middle_stable_2009_2016,mid_E2_B,primary,selection,arima_mean,ARIMA,7,0.8,78,78,1.0,0.8589743589743589,1.415361296084581,2.267700859629653
middle_stable_2009_2016,mid_E2_B,primary,selection,expanding_median,baseline,1,0.8,85,55,0.6470588235294118,0.9454545454545454,0.4387272727272778,0.4896363636363697
middle_stable_2009_2016,mid_E2_B,primary,selection,expanding_median,baseline,2,0.8,85,55,0.6470588235294118,0.8909090909090909,0.5360000000000043,0.5923636363636424
middle_stable_2009_2016,mid_E2_B,primary,selection,expanding_median,baseline,7,0.8,81,51,0.6296296296296297,0.8627450980392157,0.5274509803921622,0.6490196078431433
middle_stable_2009_2016,mid_E2_B,primary,selection,persistence,baseline,1,0.8,85,55,0.6470588235294118,0.8363636363636363,0.496181818181817,0.6634545454545546
middle_stable_2009_2016,mid_E2_B,primary,selection,persistence,baseline,2,0.8,85,55,0.6470588235294118,0.8727272727272727,0.5663636363636405,0.7845454545454502
middle_stable_2009_2016,mid_E2_B,primary,selection,persistence,baseline,7,0.8,81,51,0.6296296296296297,0.8431372549019608,0.5454901960784394,0.851372549019613
middle_stable_2009_2016,mid_E2_B,primary,selection,prior_year_same_date,baseline,1,0.8,81,51,0.6296296296296297,0.8431372549019608,0.7674509803921606,2.640000000000006
middle_stable_2009_2016,mid_E2_B,primary,selection,prior_year_same_date,baseline,2,0.8,79,49,0.620253164556962,0.7959183673469388,0.6620408163265376,4.190612244897963
middle_stable_2009_2016,mid_E2_B,primary,selection,prior_year_same_date,baseline,7,0.8,76,46,0.6052631578947368,0.8695652173913043,0.747391304347829,3.6669565217391282
middle_stable_2009_2016,mid_E2_B,primary,selection,zero_change,baseline,1,0.8,85,55,0.6470588235294118,0.9454545454545454,0.4387272727272778,0.4896363636363697
middle_stable_2009_2016,mid_E2_B,primary,selection,zero_change,baseline,2,0.8,85,55,0.6470588235294118,0.8909090909090909,0.5360000000000043,0.5923636363636424
middle_stable_2009_2016,mid_E2_B,primary,selection,zero_change,baseline,7,0.8,81,51,0.6296296296296297,0.8627450980392157,0.5274509803921622,0.6490196078431433
toe_pre_topple_long,toe_E5_C,secondary_primary_window,evaluation,arima_ar1,ARIMA,1,0.8,76,76,1.0,0.9736842105263158,1.533696817823922,1.6543975305786296
toe_pre_topple_long,toe_E5_C,secondary_primary_window,evaluation,arima_ar1,ARIMA,2,0.8,76,76,1.0,0.9605263157894737,1.9267748651167649,2.122389914199921
toe_pre_topple_long,toe_E5_C,secondary_primary_window,evaluation,arima_ar1,ARIMA,7,0.8,72,72,1.0,1.0,2.3400280277807726,2.3400280277807726
toe_pre_topple_long,toe_E5_C,secondary_primary_window,evaluation,arima_ar2,ARIMA,1,0.8,76,76,1.0,0.9736842105263158,1.474110593443634,1.5477806872776063
toe_pre_topple_long,toe_E5_C,secondary_primary_window,evaluation,arima_ar2,ARIMA,2,0.8,76,76,1.0,0.9605263157894737,1.6820418523601095,1.9334033290271573
toe_pre_topple_long,toe_E5_C,secondary_primary_window,evaluation,arima_ar2,ARIMA,7,0.8,72,72,1.0,1.0,2.2190569016233876,2.2190569016233876
toe_pre_topple_long,toe_E5_C,secondary_primary_window,evaluation,arima_arma11,ARIMA,1,0.8,76,76,1.0,0.9736842105263158,1.4135605900475545,1.453646390841669
toe_pre_topple_long,toe_E5_C,secondary_primary_window,evaluation,arima_arma11,ARIMA,2,0.8,76,76,1.0,0.9605263157894737,1.506989768860178,1.748336864909383
toe_pre_topple_long,toe_E5_C,secondary_primary_window,evaluation,arima_arma11,ARIMA,7,0.8,72,72,1.0,1.0,1.8325523409674078,1.8325523409674078
toe_pre_topple_long,toe_E5_C,secondary_primary_window,evaluation,arima_mean,ARIMA,1,0.8,70,70,1.0,1.0,2.3792057775842705,2.3792057775842705
toe_pre_topple_long,toe_E5_C,secondary_primary_window,evaluation,arima_mean,ARIMA,2,0.8,70,70,1.0,0.9857142857142858,2.3792057775842705,2.4837300859541815
toe_pre_topple_long,toe_E5_C,secondary_primary_window,evaluation,arima_mean,ARIMA,7,0.8,66,66,1.0,1.0,2.3836326753213726,2.3836326753213726
toe_pre_topple_long,toe_E5_C,secondary_primary_window,evaluation,arimax_ar1_rain_lag2,conditional_ARIMAX,1,0.8,75,75,1.0,0.9733333333333334,1.5353020307805592,1.6271824437655542
toe_pre_topple_long,toe_E5_C,secondary_primary_window,evaluation,arimax_ar1_rain_lag2,conditional_ARIMAX,2,0.8,75,75,1.0,0.9733333333333334,1.91965078465974,2.0935479877857093
toe_pre_topple_long,toe_E5_C,secondary_primary_window,evaluation,expanding_median,baseline,1,0.8,76,76,1.0,0.9210526315789473,0.5971052631578904,0.7378947368421046
toe_pre_topple_long,toe_E5_C,secondary_primary_window,evaluation,expanding_median,baseline,2,0.8,76,76,1.0,0.868421052631579,0.5796052631579043,1.1092105263157903
toe_pre_topple_long,toe_E5_C,secondary_primary_window,evaluation,expanding_median,baseline,7,0.8,72,72,1.0,0.875,0.4000000000000001,0.7194444444444446
toe_pre_topple_long,toe_E5_C,secondary_primary_window,evaluation,persistence,baseline,1,0.8,76,76,1.0,0.868421052631579,0.7999999999999998,1.168421052631579
toe_pre_topple_long,toe_E5_C,secondary_primary_window,evaluation,persistence,baseline,2,0.8,76,76,1.0,0.8552631578947368,0.8259868421052711,1.6167763157894794
toe_pre_topple_long,toe_E5_C,secondary_primary_window,evaluation,persistence,baseline,7,0.8,72,72,1.0,0.875,0.8298611111111118,1.1493055555555562
toe_pre_topple_long,toe_E5_C,secondary_primary_window,evaluation,prior_year_same_date,baseline,1,0.8,70,70,1.0,0.8714285714285714,0.8084285714285718,1.1227142857142862
toe_pre_topple_long,toe_E5_C,secondary_primary_window,evaluation,prior_year_same_date,baseline,2,0.8,71,71,1.0,0.8732394366197183,0.9697183098591573,1.3218309859154933
toe_pre_topple_long,toe_E5_C,secondary_primary_window,evaluation,prior_year_same_date,baseline,7,0.8,66,66,1.0,0.8939393939393939,0.8022727272727276,1.0901515151515153
toe_pre_topple_long,toe_E5_C,secondary_primary_window,evaluation,zero_change,baseline,1,0.8,76,76,1.0,0.9210526315789473,0.5971052631578904,0.7378947368421046
toe_pre_topple_long,toe_E5_C,secondary_primary_window,evaluation,zero_change,baseline,2,0.8,76,76,1.0,0.868421052631579,0.5796052631579043,1.1092105263157903
toe_pre_topple_long,toe_E5_C,secondary_primary_window,evaluation,zero_change,baseline,7,0.8,72,72,1.0,0.875,0.4000000000000001,0.7194444444444446
toe_pre_topple_long,toe_E5_C,secondary_primary_window,selection,arima_ar1,ARIMA,1,0.8,120,120,1.0,0.85,1.0958939063158113,2.7831382487306717
toe_pre_topple_long,toe_E5_C,secondary_primary_window,selection,arima_ar1,ARIMA,2,0.8,119,119,1.0,0.8319327731092437,1.2657921581403582,3.050005905312753
toe_pre_topple_long,toe_E5_C,secondary_primary_window,selection,arima_ar1,ARIMA,7,0.8,113,113,1.0,0.9026548672566371,1.4138742086189091,3.2838589230310946
toe_pre_topple_long,toe_E5_C,secondary_primary_window,selection,arima_ar2,ARIMA,1,0.8,119,119,1.0,0.8403361344537815,1.0718456141023782,2.592876738954901
toe_pre_topple_long,toe_E5_C,secondary_primary_window,selection,arima_ar2,ARIMA,2,0.8,118,118,1.0,0.8220338983050848,1.1678156817785004,2.875272515849646
toe_pre_topple_long,toe_E5_C,secondary_primary_window,selection,arima_ar2,ARIMA,7,0.8,112,112,1.0,0.9107142857142857,1.3696441716221381,2.993752134531325
toe_pre_topple_long,toe_E5_C,secondary_primary_window,selection,arima_arma11,ARIMA,1,0.8,120,120,1.0,0.8333333333333334,1.0431418396639602,2.5164502813096976
toe_pre_topple_long,toe_E5_C,secondary_primary_window,selection,arima_arma11,ARIMA,2,0.8,119,119,1.0,0.8319327731092437,1.0961080351434866,2.6729151133379596
toe_pre_topple_long,toe_E5_C,secondary_primary_window,selection,arima_arma11,ARIMA,7,0.8,113,113,1.0,0.9026548672566371,1.2165602827472166,2.421387412001901
toe_pre_topple_long,toe_E5_C,secondary_primary_window,selection,arima_mean,ARIMA,1,0.8,112,112,1.0,0.8660714285714286,1.504037311329437,3.7325894651354408
toe_pre_topple_long,toe_E5_C,secondary_primary_window,selection,arima_mean,ARIMA,2,0.8,111,111,1.0,0.8288288288288288,1.5109325325156986,3.644211466485582
toe_pre_topple_long,toe_E5_C,secondary_primary_window,selection,arima_mean,ARIMA,7,0.8,105,105,1.0,0.8952380952380953,1.4791903106078061,3.614420087975417
toe_pre_topple_long,toe_E5_C,secondary_primary_window,selection,arimax_ar1_rain_lag2,conditional_ARIMAX,1,0.8,119,119,1.0,0.8487394957983193,1.0775787586703687,2.7377054190473515
toe_pre_topple_long,toe_E5_C,secondary_primary_window,selection,arimax_ar1_rain_lag2,conditional_ARIMAX,2,0.8,117,117,1.0,0.8290598290598291,1.2283624276536087,3.0180230541344475
toe_pre_topple_long,toe_E5_C,secondary_primary_window,selection,expanding_median,baseline,1,0.8,122,92,0.7540983606557377,0.7282608695652174,0.619239130434783,3.91597826086957
toe_pre_topple_long,toe_E5_C,secondary_primary_window,selection,expanding_median,baseline,2,0.8,121,91,0.7520661157024794,0.8351648351648352,0.7181318681318646,3.6989010989010955
toe_pre_topple_long,toe_E5_C,secondary_primary_window,selection,expanding_median,baseline,7,0.8,115,85,0.7391304347826086,0.7647058823529411,0.4128235294117654,3.6598823529411777
toe_pre_topple_long,toe_E5_C,secondary_primary_window,selection,persistence,baseline,1,0.8,122,92,0.7540983606557377,0.7608695652173914,0.7791304347826085,2.565000000000006
toe_pre_topple_long,toe_E5_C,secondary_primary_window,selection,persistence,baseline,2,0.8,121,91,0.7520661157024794,0.7692307692307693,0.7903846153846158,3.4755494505494595
toe_pre_topple_long,toe_E5_C,secondary_primary_window,selection,persistence,baseline,7,0.8,115,85,0.7391304347826086,0.7411764705882353,0.8145882352941186,3.666941176470589
toe_pre_topple_long,toe_E5_C,secondary_primary_window,selection,prior_year_same_date,baseline,1,0.8,117,87,0.7435897435897436,0.735632183908046,0.8370114942528728,7.312873563218391
toe_pre_topple_long,toe_E5_C,secondary_primary_window,selection,prior_year_same_date,baseline,2,0.8,117,87,0.7435897435897436,0.7586206896551724,0.9789080459770119,5.411666666666673
toe_pre_topple_long,toe_E5_C,secondary_primary_window,selection,prior_year_same_date,baseline,7,0.8,113,83,0.7345132743362832,0.7108433734939759,0.7798795180722903,5.388313253012045
toe_pre_topple_long,toe_E5_C,secondary_primary_window,selection,zero_change,baseline,1,0.8,122,92,0.7540983606557377,0.7282608695652174,0.619239130434783,3.91597826086957
toe_pre_topple_long,toe_E5_C,secondary_primary_window,selection,zero_change,baseline,2,0.8,121,91,0.7520661157024794,0.8351648351648352,0.7181318681318646,3.6989010989010955
toe_pre_topple_long,toe_E5_C,secondary_primary_window,selection,zero_change,baseline,7,0.8,115,85,0.7391304347826086,0.7647058823529411,0.4128235294117654,3.6598823529411777
toe_pre_topple_post_rain_resume,toe_E5_C,external_time_check,external_time_check,arima_ar1,ARIMA,1,0.8,26,26,1.0,0.9615384615384616,1.4024623135776966,1.4467660983419475
toe_pre_topple_post_rain_resume,toe_E5_C,external_time_check,external_time_check,arima_ar1,ARIMA,2,0.8,26,26,1.0,0.9230769230769231,1.7516412937928532,2.0806938800784893
toe_pre_topple_post_rain_resume,toe_E5_C,external_time_check,external_time_check,arima_ar1,ARIMA,7,0.8,25,25,1.0,0.96,2.097283618976282,2.351147345894912
toe_pre_topple_post_rain_resume,toe_E5_C,external_time_check,external_time_check,arima_ar2,ARIMA,1,0.8,26,26,1.0,0.9230769230769231,1.3490141330595053,1.485551756405407
toe_pre_topple_post_rain_resume,toe_E5_C,external_time_check,external_time_check,arima_ar2,ARIMA,2,0.8,26,26,1.0,0.9230769230769231,1.5305883488626468,1.7590175043516811
toe_pre_topple_post_rain_resume,toe_E5_C,external_time_check,external_time_check,arima_ar2,ARIMA,7,0.8,25,25,1.0,0.96,1.9980098464833767,2.2059990813481756
toe_pre_topple_post_rain_resume,toe_E5_C,external_time_check,external_time_check,arima_arma11,ARIMA,1,0.8,26,26,1.0,0.8846153846153846,1.2924917391692679,1.5034873431869564
toe_pre_topple_post_rain_resume,toe_E5_C,external_time_check,external_time_check,arima_arma11,ARIMA,2,0.8,26,26,1.0,0.9230769230769231,1.3714061078972781,1.695841421316518
toe_pre_topple_post_rain_resume,toe_E5_C,external_time_check,external_time_check,arima_arma11,ARIMA,7,0.8,25,25,1.0,0.92,1.648769751337617,2.4353567324831107
toe_pre_topple_post_rain_resume,toe_E5_C,external_time_check,external_time_check,arima_mean,ARIMA,1,0.8,24,24,1.0,0.9583333333333334,2.124466847348768,3.2608180428571036
toe_pre_topple_post_rain_resume,toe_E5_C,external_time_check,external_time_check,arima_mean,ARIMA,2,0.8,24,24,1.0,0.9166666666666666,2.124466847348768,3.7082997812583187
toe_pre_topple_post_rain_resume,toe_E5_C,external_time_check,external_time_check,arima_mean,ARIMA,7,0.8,23,23,1.0,0.9130434782608695,2.126004613795573,2.6917433274403164
toe_pre_topple_post_rain_resume,toe_E5_C,external_time_check,external_time_check,arimax_ar1_rain_lag2,conditional_ARIMAX,1,0.8,25,25,1.0,0.92,1.4007544843517699,1.487653346800154
toe_pre_topple_post_rain_resume,toe_E5_C,external_time_check,external_time_check,arimax_ar1_rain_lag2,conditional_ARIMAX,2,0.8,25,25,1.0,0.96,1.7429602647897362,1.8847096745046208
toe_pre_topple_post_rain_resume,toe_E5_C,external_time_check,external_time_check,expanding_median,baseline,1,0.8,26,0,0.0,,,
toe_pre_topple_post_rain_resume,toe_E5_C,external_time_check,external_time_check,expanding_median,baseline,2,0.8,26,0,0.0,,,
toe_pre_topple_post_rain_resume,toe_E5_C,external_time_check,external_time_check,expanding_median,baseline,7,0.8,25,0,0.0,,,
toe_pre_topple_post_rain_resume,toe_E5_C,external_time_check,external_time_check,persistence,baseline,1,0.8,26,0,0.0,,,
toe_pre_topple_post_rain_resume,toe_E5_C,external_time_check,external_time_check,persistence,baseline,2,0.8,26,0,0.0,,,
toe_pre_topple_post_rain_resume,toe_E5_C,external_time_check,external_time_check,persistence,baseline,7,0.8,25,0,0.0,,,
toe_pre_topple_post_rain_resume,toe_E5_C,external_time_check,external_time_check,prior_year_same_date,baseline,1,0.8,25,0,0.0,,,
toe_pre_topple_post_rain_resume,toe_E5_C,external_time_check,external_time_check,prior_year_same_date,baseline,2,0.8,26,0,0.0,,,
toe_pre_topple_post_rain_resume,toe_E5_C,external_time_check,external_time_check,prior_year_same_date,baseline,7,0.8,24,0,0.0,,,
toe_pre_topple_post_rain_resume,toe_E5_C,external_time_check,external_time_check,zero_change,baseline,1,0.8,26,0,0.0,,,
toe_pre_topple_post_rain_resume,toe_E5_C,external_time_check,external_time_check,zero_change,baseline,2,0.8,26,0,0.0,,,
toe_pre_topple_post_rain_resume,toe_E5_C,external_time_check,external_time_check,zero_change,baseline,7,0.8,25,0,0.0,,,
middle_stable_2009_2016,mid_E2_B,primary,evaluation,arima_ar1,ARIMA,1,0.95,61,61,1.0,1.0,1.3368272161591153,1.3368272161591153
middle_stable_2009_2016,mid_E2_B,primary,evaluation,arima_ar1,ARIMA,2,0.95,61,61,1.0,1.0,1.726501320960197,1.726501320960197
middle_stable_2009_2016,mid_E2_B,primary,evaluation,arima_ar1,ARIMA,7,0.95,58,58,1.0,1.0,2.2497859133530658,2.2497859133530658
middle_stable_2009_2016,mid_E2_B,primary,evaluation,arima_ar1_weekly,ARIMA,1,0.95,61,61,1.0,1.0,1.3364945989892425,1.3364945989892425
middle_stable_2009_2016,mid_E2_B,primary,evaluation,arima_ar1_weekly,ARIMA,2,0.95,61,61,1.0,1.0,1.7222464163048052,1.7222464163048052
middle_stable_2009_2016,mid_E2_B,primary,evaluation,arima_ar1_weekly,ARIMA,7,0.95,58,58,1.0,1.0,2.2299250495925866,2.2299250495925866
middle_stable_2009_2016,mid_E2_B,primary,evaluation,arima_ar2,ARIMA,1,0.95,58,58,1.0,1.0,1.30602522007953,1.30602522007953
middle_stable_2009_2016,mid_E2_B,primary,evaluation,arima_ar2,ARIMA,2,0.95,58,58,1.0,1.0,1.545298094181292,1.545298094181292
middle_stable_2009_2016,mid_E2_B,primary,evaluation,arima_ar2,ARIMA,7,0.95,55,55,1.0,1.0,2.126517278752078,2.126517278752078
middle_stable_2009_2016,mid_E2_B,primary,evaluation,arima_arma11,ARIMA,1,0.95,61,61,1.0,1.0,1.2835921678246187,1.2835921678246187
middle_stable_2009_2016,mid_E2_B,primary,evaluation,arima_arma11,ARIMA,2,0.95,61,61,1.0,1.0,1.460280793699036,1.460280793699036
middle_stable_2009_2016,mid_E2_B,primary,evaluation,arima_arma11,ARIMA,7,0.95,58,58,1.0,1.0,1.9438987203779834,1.9438987203779834
middle_stable_2009_2016,mid_E2_B,primary,evaluation,arima_mean,ARIMA,1,0.95,57,57,1.0,1.0,2.3094407106683987,2.3094407106683987
middle_stable_2009_2016,mid_E2_B,primary,evaluation,arima_mean,ARIMA,2,0.95,57,57,1.0,1.0,2.3094407106683987,2.3094407106683987
middle_stable_2009_2016,mid_E2_B,primary,evaluation,arima_mean,ARIMA,7,0.95,54,54,1.0,1.0,2.3087156503936472,2.3087156503936472
middle_stable_2009_2016,mid_E2_B,primary,evaluation,expanding_median,baseline,1,0.95,61,61,1.0,1.0,0.6882889344262311,0.6882889344262311
middle_stable_2009_2016,mid_E2_B,primary,evaluation,expanding_median,baseline,2,0.95,61,61,1.0,0.9836065573770492,1.1937704918032839,1.3314754098360706
middle_stable_2009_2016,mid_E2_B,primary,evaluation,expanding_median,baseline,7,0.95,58,58,1.0,0.9827586206896551,1.0173125000000003,1.0431745689655132
middle_stable_2009_2016,mid_E2_B,primary,evaluation,persistence,baseline,1,0.95,61,61,1.0,0.9344262295081968,0.7054139344262316,0.8004959016393358
middle_stable_2009_2016,mid_E2_B,primary,evaluation,persistence,baseline,2,0.95,61,61,1.0,0.9672131147540983,0.8272950819672142,0.9748360655737708
middle_stable_2009_2016,mid_E2_B,primary,evaluation,persistence,baseline,7,0.95,58,58,1.0,0.9827586206896551,1.584310344827583,1.6360344827586175
middle_stable_2009_2016,mid_E2_B,primary,evaluation,prior_year_same_date,baseline,1,0.95,57,57,1.0,0.9824561403508771,2.0698684210526332,2.220745614035088
middle_stable_2009_2016,mid_E2_B,primary,evaluation,prior_year_same_date,baseline,2,0.95,57,57,1.0,1.0,2.956513157894739,2.956513157894739
middle_stable_2009_2016,mid_E2_B,primary,evaluation,prior_year_same_date,baseline,7,0.95,56,56,1.0,1.0,2.672883928571424,2.672883928571424
middle_stable_2009_2016,mid_E2_B,primary,evaluation,zero_change,baseline,1,0.95,61,61,1.0,1.0,0.6882889344262311,0.6882889344262311
middle_stable_2009_2016,mid_E2_B,primary,evaluation,zero_change,baseline,2,0.95,61,61,1.0,0.9836065573770492,1.1937704918032839,1.3314754098360706
middle_stable_2009_2016,mid_E2_B,primary,evaluation,zero_change,baseline,7,0.95,58,58,1.0,0.9827586206896551,1.0173125000000003,1.0431745689655132
middle_stable_2009_2016,mid_E2_B,primary,selection,arima_ar1,ARIMA,1,0.95,85,85,1.0,0.9294117647058824,1.2533995170929364,5.873351391628761
middle_stable_2009_2016,mid_E2_B,primary,selection,arima_ar1,ARIMA,2,0.95,85,85,1.0,0.9529411764705882,1.583127019935965,4.842249981147394
middle_stable_2009_2016,mid_E2_B,primary,selection,arima_ar1,ARIMA,7,0.95,81,81,1.0,0.9506172839506173,2.0924058037776923,3.227180734723384
middle_stable_2009_2016,mid_E2_B,primary,selection,arima_ar1_weekly,ARIMA,1,0.95,85,85,1.0,0.9294117647058824,1.2531742236675816,5.831779552677465
middle_stable_2009_2016,mid_E2_B,primary,selection,arima_ar1_weekly,ARIMA,2,0.95,85,85,1.0,0.9529411764705882,1.5829777217264354,4.8023603699499935
middle_stable_2009_2016,mid_E2_B,primary,selection,arima_ar1_weekly,ARIMA,7,0.95,81,81,1.0,0.9629629629629629,2.0941531731215077,3.111132534809722
middle_stable_2009_2016,mid_E2_B,primary,selection,arima_ar2,ARIMA,1,0.95,85,85,1.0,0.9294117647058824,1.235492730039497,5.821589273498282
middle_stable_2009_2016,mid_E2_B,primary,selection,arima_ar2,ARIMA,2,0.95,85,85,1.0,0.9529411764705882,1.4628999317443188,4.731982084586998
middle_stable_2009_2016,mid_E2_B,primary,selection,arima_ar2,ARIMA,7,0.95,81,81,1.0,0.9753086419753086,1.9914602108120458,2.5715689426484047
middle_stable_2009_2016,mid_E2_B,primary,selection,arima_arma11,ARIMA,1,0.95,85,85,1.0,0.9294117647058824,1.2228585780107881,6.197934784522327
middle_stable_2009_2016,mid_E2_B,primary,selection,arima_arma11,ARIMA,2,0.95,85,85,1.0,0.9411764705882353,1.3988757661696718,4.864726286726088
middle_stable_2009_2016,mid_E2_B,primary,selection,arima_arma11,ARIMA,7,0.95,81,81,1.0,0.9629629629629629,1.861046526488281,2.4622881088579867
middle_stable_2009_2016,mid_E2_B,primary,selection,arima_mean,ARIMA,1,0.95,82,82,1.0,0.9390243902439024,2.1567957868014687,6.929241424630168
middle_stable_2009_2016,mid_E2_B,primary,selection,arima_mean,ARIMA,2,0.95,82,82,1.0,0.9390243902439024,2.1567957868014687,6.452877149903741
middle_stable_2009_2016,mid_E2_B,primary,selection,arima_mean,ARIMA,7,0.95,78,78,1.0,0.9487179487179487,2.164608307632837,5.064742259620844
middle_stable_2009_2016,mid_E2_B,primary,selection,expanding_median,baseline,1,0.95,85,55,0.6470588235294118,1.0,2.7369999999999948,2.7369999999999948
middle_stable_2009_2016,mid_E2_B,primary,selection,expanding_median,baseline,2,0.95,85,55,0.6470588235294118,0.9636363636363636,2.056636363636363,2.1293636363636357
middle_stable_2009_2016,mid_E2_B,primary,selection,expanding_median,baseline,7,0.95,81,51,0.6296296296296297,0.9607843137254902,2.6172549019607874,2.9094117647058635
middle_stable_2009_2016,mid_E2_B,primary,selection,persistence,baseline,1,0.95,85,55,0.6470588235294118,0.9636363636363636,1.1641818181818149,1.3823636363636385
middle_stable_2009_2016,mid_E2_B,primary,selection,persistence,baseline,2,0.95,85,55,0.6470588235294118,0.9818181818181818,1.9386363636363637,2.0113636363636362
middle_stable_2009_2016,mid_E2_B,primary,selection,persistence,baseline,7,0.95,81,51,0.6296296296296297,0.9803921568627451,3.165294117647061,3.2888235294117663
middle_stable_2009_2016,mid_E2_B,primary,selection,prior_year_same_date,baseline,1,0.95,81,51,0.6296296296296297,0.9411764705882353,4.393235294117638,9.428529411764693
middle_stable_2009_2016,mid_E2_B,primary,selection,prior_year_same_date,baseline,2,0.95,79,49,0.620253164556962,0.9183673469387755,4.875612244897958,15.22663265306122
middle_stable_2009_2016,mid_E2_B,primary,selection,prior_year_same_date,baseline,7,0.95,76,46,0.6052631578947368,0.9130434782608695,4.526467391304342,13.387336956521722
middle_stable_2009_2016,mid_E2_B,primary,selection,zero_change,baseline,1,0.95,85,55,0.6470588235294118,1.0,2.7369999999999948,2.7369999999999948
middle_stable_2009_2016,mid_E2_B,primary,selection,zero_change,baseline,2,0.95,85,55,0.6470588235294118,0.9636363636363636,2.056636363636363,2.1293636363636357
middle_stable_2009_2016,mid_E2_B,primary,selection,zero_change,baseline,7,0.95,81,51,0.6296296296296297,0.9607843137254902,2.6172549019607874,2.9094117647058635
toe_pre_topple_long,toe_E5_C,secondary_primary_window,evaluation,arima_ar1,ARIMA,1,0.95,76,76,1.0,0.9868421052631579,2.3455868706002234,2.523654507973143
toe_pre_topple_long,toe_E5_C,secondary_primary_window,evaluation,arima_ar1,ARIMA,2,0.95,76,76,1.0,0.9868421052631579,2.946747866786835,3.281834763454485
toe_pre_topple_long,toe_E5_C,secondary_primary_window,evaluation,arima_ar1,ARIMA,7,0.95,72,72,1.0,1.0,3.578764039288276,3.578764039288276
toe_pre_topple_long,toe_E5_C,secondary_primary_window,evaluation,arima_ar2,ARIMA,1,0.95,76,76,1.0,0.9868421052631579,2.254457604404478,2.3146682820939977
toe_pre_topple_long,toe_E5_C,secondary_primary_window,evaluation,arima_ar2,ARIMA,2,0.95,76,76,1.0,0.9868421052631579,2.572461022833592,3.0188707783882562
toe_pre_topple_long,toe_E5_C,secondary_primary_window,evaluation,arima_ar2,ARIMA,7,0.95,72,72,1.0,1.0,3.3937546672018946,3.3937546672018946
toe_pre_topple_long,toe_E5_C,secondary_primary_window,evaluation,arima_arma11,ARIMA,1,0.95,76,76,1.0,1.0,2.161854365400465,2.161854365400465
toe_pre_topple_long,toe_E5_C,secondary_primary_window,evaluation,arima_arma11,ARIMA,2,0.95,76,76,1.0,0.9868421052631579,2.304741963918655,2.8085433503976915
toe_pre_topple_long,toe_E5_C,secondary_primary_window,evaluation,arima_arma11,ARIMA,7,0.95,72,72,1.0,1.0,2.8026469512792187,2.8026469512792187
toe_pre_topple_long,toe_E5_C,secondary_primary_window,evaluation,arima_mean,ARIMA,1,0.95,70,70,1.0,1.0,3.6386812370621673,3.6386812370621673
toe_pre_topple_long,toe_E5_C,secondary_primary_window,evaluation,arima_mean,ARIMA,2,0.95,70,70,1.0,0.9857142857142858,3.6386812370621673,3.6808303565241056
toe_pre_topple_long,toe_E5_C,secondary_primary_window,evaluation,arima_mean,ARIMA,7,0.95,66,66,1.0,1.0,3.6454515929036626,3.6454515929036626
toe_pre_topple_long,toe_E5_C,secondary_primary_window,evaluation,arimax_ar1_rain_lag2,conditional_ARIMAX,1,0.95,75,75,1.0,0.9866666666666667,2.348041831966673,2.421674145890428
toe_pre_topple_long,toe_E5_C,secondary_primary_window,evaluation,arimax_ar1_rain_lag2,conditional_ARIMAX,2,0.95,75,75,1.0,0.9866666666666667,2.9358525259405215,3.301381774337689
toe_pre_topple_long,toe_E5_C,secondary_primary_window,evaluation,expanding_median,baseline,1,0.95,76,76,1.0,0.9868421052631579,2.924375000000003,2.948059210526319
toe_pre_topple_long,toe_E5_C,secondary_primary_window,evaluation,expanding_median,baseline,2,0.95,76,76,1.0,0.9736842105263158,2.716184210526313,2.9819736842105318
toe_pre_topple_long,toe_E5_C,secondary_primary_window,evaluation,expanding_median,baseline,7,0.95,72,72,1.0,0.9722222222222222,3.2437499999999946,3.4659722222222165
toe_pre_topple_long,toe_E5_C,secondary_primary_window,evaluation,persistence,baseline,1,0.95,76,76,1.0,0.9736842105263158,1.5761184210526562,2.389276315789484
toe_pre_topple_long,toe_E5_C,secondary_primary_window,evaluation,persistence,baseline,2,0.95,76,76,1.0,0.9736842105263158,2.186776315789473,3.3394078947368424
toe_pre_topple_long,toe_E5_C,secondary_primary_window,evaluation,persistence,baseline,7,0.95,72,72,1.0,0.9861111111111112,2.2654513888888865,2.654340277777774
toe_pre_topple_long,toe_E5_C,secondary_primary_window,evaluation,prior_year_same_date,baseline,1,0.95,70,70,1.0,1.0,3.873928571428574,3.873928571428574
toe_pre_topple_long,toe_E5_C,secondary_primary_window,evaluation,prior_year_same_date,baseline,2,0.95,71,71,1.0,1.0,3.8724295774648017,3.8724295774648017
toe_pre_topple_long,toe_E5_C,secondary_primary_window,evaluation,prior_year_same_date,baseline,7,0.95,66,66,1.0,1.0,3.692840909090883,3.692840909090883
toe_pre_topple_long,toe_E5_C,secondary_primary_window,evaluation,zero_change,baseline,1,0.95,76,76,1.0,0.9868421052631579,2.924375000000003,2.948059210526319
toe_pre_topple_long,toe_E5_C,secondary_primary_window,evaluation,zero_change,baseline,2,0.95,76,76,1.0,0.9736842105263158,2.716184210526313,2.9819736842105318
toe_pre_topple_long,toe_E5_C,secondary_primary_window,evaluation,zero_change,baseline,7,0.95,72,72,1.0,0.9722222222222222,3.2437499999999946,3.4659722222222165
toe_pre_topple_long,toe_E5_C,secondary_primary_window,selection,arima_ar1,ARIMA,1,0.95,120,120,1.0,0.9083333333333333,1.6760250972368314,7.270722912311144
toe_pre_topple_long,toe_E5_C,secondary_primary_window,selection,arima_ar1,ARIMA,2,0.95,119,119,1.0,0.8991596638655462,1.9358620507900204,7.914285177200325
toe_pre_topple_long,toe_E5_C,secondary_primary_window,selection,arima_ar1,ARIMA,7,0.95,113,113,1.0,0.9380530973451328,2.1623340036150043,8.540446898318477
toe_pre_topple_long,toe_E5_C,secondary_primary_window,selection,arima_ar2,ARIMA,1,0.95,119,119,1.0,0.8907563025210085,1.6392464081108933,6.371890678709552
toe_pre_topple_long,toe_E5_C,secondary_primary_window,selection,arima_ar2,ARIMA,2,0.95,118,118,1.0,0.8813559322033898,1.7860199608076501,7.209361217399837
toe_pre_topple_long,toe_E5_C,secondary_primary_window,selection,arima_ar2,ARIMA,7,0.95,112,112,1.0,0.9464285714285714,2.094689999363247,7.767131368440927
toe_pre_topple_long,toe_E5_C,secondary_primary_window,selection,arima_arma11,ARIMA,1,0.95,120,120,1.0,0.9,1.5953477733370722,6.021244890881733
toe_pre_topple_long,toe_E5_C,secondary_primary_window,selection,arima_arma11,ARIMA,2,0.95,119,119,1.0,0.8907563025210085,1.6763525790187417,6.642871490467741
toe_pre_topple_long,toe_E5_C,secondary_primary_window,selection,arima_arma11,ARIMA,7,0.95,113,113,1.0,0.9469026548672567,1.8605683948371936,5.747770317837779
toe_pre_topple_long,toe_E5_C,secondary_primary_window,selection,arima_mean,ARIMA,1,0.95,112,112,1.0,0.8928571428571429,2.3002265697810205,9.88412427115047
toe_pre_topple_long,toe_E5_C,secondary_primary_window,selection,arima_mean,ARIMA,2,0.95,111,111,1.0,0.8918918918918919,2.310771900576795,9.507701882678242
toe_pre_topple_long,toe_E5_C,secondary_primary_window,selection,arima_mean,ARIMA,7,0.95,105,105,1.0,0.9333333333333333,2.2622263614027163,9.606183123288387
toe_pre_topple_long,toe_E5_C,secondary_primary_window,selection,arimax_ar1_rain_lag2,conditional_ARIMAX,1,0.95,119,119,1.0,0.907563025210084,1.6480144960860719,7.180762980959776
toe_pre_topple_long,toe_E5_C,secondary_primary_window,selection,arimax_ar1_rain_lag2,conditional_ARIMAX,2,0.95,117,117,1.0,0.905982905982906,1.878618217863254,7.91420978091668
toe_pre_topple_long,toe_E5_C,secondary_primary_window,selection,expanding_median,baseline,1,0.95,122,92,0.7540983606557377,0.9130434782608695,2.6000543478260885,11.089184782608703
toe_pre_topple_long,toe_E5_C,secondary_primary_window,selection,expanding_median,baseline,2,0.95,121,91,0.7520661157024794,0.9010989010989011,2.098502747252744,11.12212912087913
toe_pre_topple_long,toe_E5_C,secondary_primary_window,selection,expanding_median,baseline,7,0.95,115,85,0.7391304347826086,0.8823529411764706,2.135147058823527,11.348088235294101
toe_pre_topple_long,toe_E5_C,secondary_primary_window,selection,persistence,baseline,1,0.95,122,92,0.7540983606557377,0.9347826086956522,1.9124728260869555,7.348342391304319
toe_pre_topple_long,toe_E5_C,secondary_primary_window,selection,persistence,baseline,2,0.95,121,91,0.7520661157024794,0.9010989010989011,2.0833104395604543,9.423969780219823
toe_pre_topple_long,toe_E5_C,secondary_primary_window,selection,persistence,baseline,7,0.95,115,85,0.7391304347826086,0.8588235294117647,2.483499999999997,10.679970588235292
toe_pre_topple_long,toe_E5_C,secondary_primary_window,selection,prior_year_same_date,baseline,1,0.95,117,87,0.7435897435897436,0.8735632183908046,2.8937931034482784,22.885747126436783
toe_pre_topple_long,toe_E5_C,secondary_primary_window,selection,prior_year_same_date,baseline,2,0.95,117,87,0.7435897435897436,0.8620689655172413,2.737787356321844,15.188936781609193
toe_pre_topple_long,toe_E5_C,secondary_primary_window,selection,prior_year_same_date,baseline,7,0.95,113,83,0.7345132743362832,0.9156626506024096,2.5692168674698763,16.339096385542156
toe_pre_topple_long,toe_E5_C,secondary_primary_window,selection,zero_change,baseline,1,0.95,122,92,0.7540983606557377,0.9130434782608695,2.6000543478260885,11.089184782608703
toe_pre_topple_long,toe_E5_C,secondary_primary_window,selection,zero_change,baseline,2,0.95,121,91,0.7520661157024794,0.9010989010989011,2.098502747252744,11.12212912087913
toe_pre_topple_long,toe_E5_C,secondary_primary_window,selection,zero_change,baseline,7,0.95,115,85,0.7391304347826086,0.8823529411764706,2.135147058823527,11.348088235294101
toe_pre_topple_post_rain_resume,toe_E5_C,external_time_check,external_time_check,arima_ar1,ARIMA,1,0.95,26,26,1.0,1.0,2.144881016253841,2.144881016253841
toe_pre_topple_post_rain_resume,toe_E5_C,external_time_check,external_time_check,arima_ar1,ARIMA,2,0.95,26,26,1.0,0.9615384615384616,2.6789041829996156,2.6937803236302518
toe_pre_topple_post_rain_resume,toe_E5_C,external_time_check,external_time_check,arima_ar1,ARIMA,7,0.95,25,25,1.0,0.96,3.20751850263046,3.3543237095635767
toe_pre_topple_post_rain_resume,toe_E5_C,external_time_check,external_time_check,arima_ar2,ARIMA,1,0.95,26,26,1.0,1.0,2.063139078066335,2.063139078066335
toe_pre_topple_post_rain_resume,toe_E5_C,external_time_check,external_time_check,arima_ar2,ARIMA,2,0.95,26,26,1.0,0.9615384615384616,2.3408328775694613,2.4335813963044175
toe_pre_topple_post_rain_resume,toe_E5_C,external_time_check,external_time_check,arima_ar2,ARIMA,7,0.95,25,25,1.0,0.96,3.0556923694285287,3.059447187567257
toe_pre_topple_post_rain_resume,toe_E5_C,external_time_check,external_time_check,arima_arma11,ARIMA,1,0.95,26,26,1.0,1.0,1.976695536250852,1.976695536250852
toe_pre_topple_post_rain_resume,toe_E5_C,external_time_check,external_time_check,arima_arma11,ARIMA,2,0.95,26,26,1.0,0.9615384615384616,2.09738464836152,2.6008858603065588
toe_pre_topple_post_rain_resume,toe_E5_C,external_time_check,external_time_check,arima_arma11,ARIMA,7,0.95,25,25,1.0,0.92,2.5215757354621458,4.2694229947593385
toe_pre_topple_post_rain_resume,toe_E5_C,external_time_check,external_time_check,arima_mean,ARIMA,1,0.95,24,24,1.0,0.9583333333333334,3.249091662873106,6.846116472217925
toe_pre_topple_post_rain_resume,toe_E5_C,external_time_check,external_time_check,arima_mean,ARIMA,2,0.95,24,24,1.0,0.9166666666666666,3.249091662873106,7.719020042917665
toe_pre_topple_post_rain_resume,toe_E5_C,external_time_check,external_time_check,arima_mean,ARIMA,7,0.95,23,23,1.0,0.9565217391304348,3.2514434737041378,3.6405602431299493
toe_pre_topple_post_rain_resume,toe_E5_C,external_time_check,external_time_check,arimax_ar1_rain_lag2,conditional_ARIMAX,1,0.95,25,25,1.0,1.0,2.142269116846471,2.142269116846471
toe_pre_topple_post_rain_resume,toe_E5_C,external_time_check,external_time_check,arimax_ar1_rain_lag2,conditional_ARIMAX,2,0.95,25,25,1.0,1.0,2.6656276948330033,2.6656276948330033
toe_pre_topple_post_rain_resume,toe_E5_C,external_time_check,external_time_check,expanding_median,baseline,1,0.95,26,0,0.0,,,
toe_pre_topple_post_rain_resume,toe_E5_C,external_time_check,external_time_check,expanding_median,baseline,2,0.95,26,0,0.0,,,
toe_pre_topple_post_rain_resume,toe_E5_C,external_time_check,external_time_check,expanding_median,baseline,7,0.95,25,0,0.0,,,
toe_pre_topple_post_rain_resume,toe_E5_C,external_time_check,external_time_check,persistence,baseline,1,0.95,26,0,0.0,,,
toe_pre_topple_post_rain_resume,toe_E5_C,external_time_check,external_time_check,persistence,baseline,2,0.95,26,0,0.0,,,
toe_pre_topple_post_rain_resume,toe_E5_C,external_time_check,external_time_check,persistence,baseline,7,0.95,25,0,0.0,,,
toe_pre_topple_post_rain_resume,toe_E5_C,external_time_check,external_time_check,prior_year_same_date,baseline,1,0.95,25,0,0.0,,,
toe_pre_topple_post_rain_resume,toe_E5_C,external_time_check,external_time_check,prior_year_same_date,baseline,2,0.95,26,0,0.0,,,
toe_pre_topple_post_rain_resume,toe_E5_C,external_time_check,external_time_check,prior_year_same_date,baseline,7,0.95,24,0,0.0,,,
toe_pre_topple_post_rain_resume,toe_E5_C,external_time_check,external_time_check,zero_change,baseline,1,0.95,26,0,0.0,,,
toe_pre_topple_post_rain_resume,toe_E5_C,external_time_check,external_time_check,zero_change,baseline,2,0.95,26,0,0.0,,,
toe_pre_topple_post_rain_resume,toe_E5_C,external_time_check,external_time_check,zero_change,baseline,7,0.95,25,0,0.0,,,
