product_type,sensor_id,measurement_role,installation_segment_id,first_timestamp_pst,last_timestamp_pst,expected_interval_minutes,expected_timestamp_count_in_span,observed_timestamp_count,absent_timestamp_count,blank_measurement_count,nonmissing_measurement_count,eligible_level_count,range_concern_retained_count,blank_percent_of_rows,absent_percent_of_expected
15_minute,mid_E2_B,15_minute_observation,mid_E2_B_s01_hx_pa_400_29030259,2002-10-18T12:49:00-08:00,2005-11-28T23:47:00-08:00,15,109196,97227,11969,630,96597,96597,3984,0.6479681569934278,10.961024213341148
15_minute,mid_E2_B,15_minute_observation,mid_E2_B_s02_hx_vpa_400_27090342,2005-11-29T00:02:00-08:00,2007-06-11T23:52:00-08:00,15,53760,52960,800,2027,50933,50844,2855,3.827416918429003,1.4880952380952381
15_minute,mid_E2_B,15_minute_observation,mid_E2_B_s03_hx_pa_400_29030259,2007-06-12T00:07:00-08:00,2008-01-10T23:49:00-08:00,15,20447,20149,298,651,19498,19498,5198,3.230929574668718,1.4574265173375067
15_minute,mid_E2_B,15_minute_observation,mid_E2_B_s04_hx_vpa_400_27090342,2008-01-11T00:04:00-08:00,2008-04-23T23:46:00-08:00,15,9983,9911,72,647,9264,9264,97,6.528100090808193,0.7212260843433838
15_minute,mid_E2_B,15_minute_observation,mid_E2_B_s05_hx_pa_400_29030259,2008-04-24T00:01:00-08:00,2009-02-11T23:48:00-08:00,15,28224,28137,87,266,27871,27871,15914,0.9453744180260867,0.3082482993197279
15_minute,mid_E2_B,15_minute_observation,mid_E2_B_s06_hx_vpa_400_27090342,2009-02-12T00:03:00-08:00,2016-05-31T23:58:00-08:00,15,255936,247349,8587,7571,239778,239778,61870,3.060857331139402,3.3551356589147288
15_minute,mid_E2_B,15_minute_observation,mid_E2_B_s07_hx_pa_400_39070751,2016-06-01T00:13:00-08:00,2018-09-25T08:55:00-08:00,15,81251,80931,320,3644,77287,77287,5141,4.502600981082651,0.39384130656853455
15_minute,mid_P1,15_minute_observation,mid_P1_s01_usgs5_depth_1_79m,1997-10-16T00:11:00-08:00,2006-05-03T23:51:00-08:00,15,299711,261707,38004,751,260956,260878,103420,0.28696213704639156,12.680215274047333
15_minute,mid_P1,15_minute_observation,mid_P1_s02_usgsct2_depth_1_82m,2006-05-04T00:06:00-08:00,2018-09-25T08:55:00-08:00,15,434628,424660,9968,150,424510,424510,236159,0.03532237554749682,2.293455552794574
15_minute,mid_P1,15_minute_observation,outside_documented_operation,1997-03-22T14:09:00-08:00,1997-10-15T23:56:00-08:00,15,19912,19103,809,564,18539,0,0,2.9524158509134693,4.062876657292085
15_minute,mid_P2,15_minute_observation,mid_P2_s01_usgs6_depth_3_69m,1997-10-16T00:11:00-08:00,2018-09-25T08:55:00-08:00,15,734339,686367,47972,584,685783,685783,272410,0.08508567573907254,6.5326776870083165
15_minute,mid_P2,15_minute_observation,outside_documented_operation,1997-10-01T00:12:00-08:00,1997-10-15T23:56:00-08:00,15,1439,1394,45,1394,0,0,0,100.0,3.1271716469770676
15_minute,mid_R,interval_precipitation,mid_R_s01_pre_fire,1997-03-22T14:09:00-08:00,2002-07-26T16:50:00-08:00,15,187403,168806,18597,8,168798,168730,0,0.004739168039050745,9.923533774806167
15_minute,mid_R,interval_precipitation,mid_R_s02_post_fire,2002-10-18T12:49:00-08:00,2016-01-26T23:57:00-08:00,15,465453,443670,21783,435,443235,443187,2,0.09804584488471162,4.679956945169544
15_minute,mid_R,interval_precipitation,mid_R_s03_post_mechanical_failure,2016-01-27T00:12:00-08:00,2017-05-17T23:49:00-08:00,15,45791,45571,220,55,45516,45475,0,0.12069079019551908,0.4804437553230984
15_minute,mid_R,interval_precipitation,mid_R_s04_range_not_stated,2017-05-18T00:04:00-08:00,2018-09-25T08:55:00-08:00,15,47556,47423,133,0,47423,47423,0,0.0,0.2796702834552948
15_minute,toe_E5_C,15_minute_observation,outside_documented_operation,2006-10-01T00:05:00-08:00,2006-11-29T23:47:00-08:00,15,5759,5750,9,5750,0,0,0,100.0,0.15627713144643168
15_minute,toe_E5_C,15_minute_observation,toe_E5_C_s01_pre_topple,2006-11-30T00:02:00-08:00,2017-03-15T23:58:00-08:00,15,360864,334800,26064,5226,329574,329573,167722,1.560931899641577,7.222665602553871
15_minute,toe_E5_C,15_minute_observation,toe_E5_C_s02_topple_removed,2017-03-16T00:13:00-08:00,2017-04-24T23:56:00-08:00,15,3839,3827,12,273,3554,0,0,7.133524954272276,0.31258140140661633
15_minute,toe_E5_C,15_minute_observation,toe_E5_C_s03_post_relocation,2017-04-25T00:11:00-08:00,2017-09-25T13:28:00-08:00,15,14742,14700,42,0,14700,14700,0,0.0,0.2849002849002849
15_minute,toe_M1_A,15_minute_observation,outside_documented_operation,2006-10-01T00:05:00-08:00,2017-09-25T13:28:00-08:00,15,385206,15464,369742,15464,0,0,0,100.0,95.98552462838066
15_minute,toe_M1_A,15_minute_observation,toe_M1_A_s01,2006-11-01T00:04:00-08:00,2017-05-17T23:57:00-08:00,15,369696,343613,26083,176,343437,343436,0,0.05122041366304535,7.055256210508093
15_minute,toe_P7_B,15_minute_observation,outside_documented_operation,2004-10-01T00:00:00-08:00,2005-06-14T23:50:00-08:00,15,24672,21554,3118,21554,0,0,0,100.0,12.63780804150454
15_minute,toe_P7_B,15_minute_observation,toe_P7_B_s01_relocated_depth_1_03m,2005-06-15T00:05:00-08:00,2017-09-25T13:28:00-08:00,15,430614,403042,27572,721,402321,402320,16560,0.17888954501019744,6.402950205984943
daily,mid_E2_B,daily_median,mid_E2_B_s01_hx_pa_400_29030259,2002-10-18T00:00:00-08:00,2005-11-28T00:00:00-08:00,1440,1138,1138,0,10,1128,1128,28,0.8787346221441125,0.0
daily,mid_E2_B,daily_median,mid_E2_B_s02_hx_vpa_400_27090342,2005-11-29T00:00:00-08:00,2007-06-11T00:00:00-08:00,1440,560,560,0,21,539,538,5,3.75,0.0
daily,mid_E2_B,daily_median,mid_E2_B_s03_hx_pa_400_29030259,2007-06-12T00:00:00-08:00,2008-01-10T00:00:00-08:00,1440,213,213,0,6,207,207,21,2.816901408450704,0.0
daily,mid_E2_B,daily_median,mid_E2_B_s04_hx_vpa_400_27090342,2008-01-11T00:00:00-08:00,2008-04-23T00:00:00-08:00,1440,104,104,0,6,98,98,0,5.769230769230769,0.0
daily,mid_E2_B,daily_median,mid_E2_B_s05_hx_pa_400_29030259,2008-04-24T00:00:00-08:00,2009-02-11T00:00:00-08:00,1440,294,294,0,1,293,293,154,0.3401360544217687,0.0
daily,mid_E2_B,daily_median,mid_E2_B_s06_hx_vpa_400_27090342,2009-02-12T00:00:00-08:00,2016-05-31T00:00:00-08:00,1440,2666,2666,0,121,2545,2545,590,4.538634658664666,0.0
daily,mid_E2_B,daily_median,mid_E2_B_s07_hx_pa_400_39070751,2016-06-01T00:00:00-08:00,2018-09-25T00:00:00-08:00,1440,847,847,0,30,817,817,20,3.541912632821724,0.0
daily,mid_P1,daily_median,mid_P1_s01_usgs5_depth_1_79m,1997-10-16T00:00:00-08:00,2006-05-03T00:00:00-08:00,1440,3122,3039,83,129,2910,2909,1201,4.244817374136229,2.6585522101217167
daily,mid_P1,daily_median,mid_P1_s02_usgsct2_depth_1_82m,2006-05-04T00:00:00-08:00,2018-09-25T00:00:00-08:00,1440,4528,4528,0,65,4463,4463,2562,1.435512367491166,0.0
daily,mid_P1,daily_median,outside_documented_operation,1997-03-22T00:00:00-08:00,1997-10-15T00:00:00-08:00,1440,208,208,0,7,201,0,0,3.3653846153846154,0.0
daily,mid_P2,daily_median,mid_P2_s01_usgs6_depth_3_69m,1997-10-16T00:00:00-08:00,2018-09-25T00:00:00-08:00,1440,7650,7567,83,188,7379,7379,2962,2.484472049689441,1.0849673202614378
daily,mid_P2,daily_median,outside_documented_operation,1997-03-22T00:00:00-08:00,1997-10-15T00:00:00-08:00,1440,208,208,0,208,0,0,0,100.0,0.0
daily,mid_R,daily_rainfall_maximum,mid_R_s01_pre_fire,1997-03-22T00:00:00-08:00,2002-07-26T00:00:00-08:00,1440,1953,1953,0,114,1839,1838,0,5.837173579109063,0.0
daily,mid_R,daily_rainfall_maximum,mid_R_s02_post_fire,2002-10-18T00:00:00-08:00,2016-01-26T00:00:00-08:00,1440,4849,4849,0,77,4772,4771,0,1.5879562796452877,0.0
daily,mid_R,daily_rainfall_maximum,mid_R_s03_post_mechanical_failure,2016-01-27T00:00:00-08:00,2017-05-17T00:00:00-08:00,1440,477,477,0,0,477,476,0,0.0,0.0
daily,mid_R,daily_rainfall_maximum,mid_R_s04_range_not_stated,2017-05-18T00:00:00-08:00,2018-09-25T00:00:00-08:00,1440,496,496,0,0,496,496,0,0.0,0.0
daily,toe_E5_C,daily_median,outside_documented_operation,2003-02-21T00:00:00-08:00,2006-11-29T00:00:00-08:00,1440,1378,1378,0,1378,0,0,0,100.0,0.0
daily,toe_E5_C,daily_median,toe_E5_C_s01_pre_topple,2006-11-30T00:00:00-08:00,2017-03-15T00:00:00-08:00,1440,3759,3759,0,143,3616,3616,1964,3.8042032455440276,0.0
daily,toe_E5_C,daily_median,toe_E5_C_s02_topple_removed,2017-03-16T00:00:00-08:00,2017-04-24T00:00:00-08:00,1440,40,40,0,1,39,0,0,2.5,0.0
daily,toe_E5_C,daily_median,toe_E5_C_s03_post_relocation,2017-04-25T00:00:00-08:00,2017-09-25T00:00:00-08:00,1440,154,154,0,0,154,154,0,0.0,0.0
daily,toe_M1_A,daily_median,outside_documented_operation,2003-02-21T00:00:00-08:00,2017-09-25T00:00:00-08:00,1440,5331,1480,3851,1480,0,0,0,100.0,72.23785406115175
daily,toe_M1_A,daily_median,toe_M1_A_s01,2006-11-01T00:00:00-08:00,2017-05-17T00:00:00-08:00,1440,3851,3851,0,126,3725,3725,0,3.2718774344326147,0.0
daily,toe_P7_B,daily_median,outside_documented_operation,2003-02-21T00:00:00-08:00,2005-06-14T00:00:00-08:00,1440,845,845,0,845,0,0,0,100.0,0.0
daily,toe_P7_B,daily_median,toe_P7_B_s01_relocated_depth_1_03m,2005-06-15T00:00:00-08:00,2017-09-25T00:00:00-08:00,1440,4486,4486,0,134,4352,4352,164,2.9870708872046365,0.0
