data_origin,seed,sample_size,series,lag,acf,pacf,approximate_95_percent_bound
synthetic_fixed_seed_not_usgs,170,1000,synthetic_ar1_phi_0_7,0,1.0,1.0,0.061980642139300234
synthetic_fixed_seed_not_usgs,170,1000,synthetic_ar1_phi_0_7,1,0.6942052923556308,0.694205292355631,0.061980642139300234
synthetic_fixed_seed_not_usgs,170,1000,synthetic_ar1_phi_0_7,2,0.4837397600894996,0.0035106076729137033,0.061980642139300234
synthetic_fixed_seed_not_usgs,170,1000,synthetic_ar1_phi_0_7,3,0.3274173276887951,-0.018637430625653713,0.061980642139300234
synthetic_fixed_seed_not_usgs,170,1000,synthetic_ar1_phi_0_7,4,0.2222531198806289,0.0014250634018518546,0.061980642139300234
synthetic_fixed_seed_not_usgs,170,1000,synthetic_ar1_phi_0_7,5,0.20465856134107702,0.10432815136474038,0.061980642139300234
synthetic_fixed_seed_not_usgs,170,1000,synthetic_ar1_phi_0_7,6,0.15858738536256417,-0.03569750860034651,0.061980642139300234
synthetic_fixed_seed_not_usgs,170,1000,synthetic_ar1_phi_0_7,7,0.14497373659263674,0.04234276127739077,0.061980642139300234
synthetic_fixed_seed_not_usgs,170,1000,synthetic_ar1_phi_0_7,8,0.10878562091885705,-0.02844800299746444,0.061980642139300234
synthetic_fixed_seed_not_usgs,170,1000,synthetic_ar1_phi_0_7,9,0.09906212219104503,0.04190376259486875,0.061980642139300234
synthetic_fixed_seed_not_usgs,170,1000,synthetic_ar1_phi_0_7,10,0.08835806975799666,-0.002951982520465112,0.061980642139300234
synthetic_fixed_seed_not_usgs,170,1000,synthetic_ar1_phi_0_7,11,0.07884257046334549,0.014269850641103041,0.061980642139300234
synthetic_fixed_seed_not_usgs,170,1000,synthetic_ar1_phi_0_7,12,0.08661722166891642,0.02723464571952576,0.061980642139300234
synthetic_fixed_seed_not_usgs,170,1000,synthetic_ar1_phi_0_7,13,0.08038554416473874,0.005956404212189444,0.061980642139300234
synthetic_fixed_seed_not_usgs,170,1000,synthetic_ar1_phi_0_7,14,0.068073530597495,-0.012667899330864776,0.061980642139300234
synthetic_fixed_seed_not_usgs,170,1000,synthetic_ar1_phi_0_7,15,0.050728763155235064,-0.005748939090754285,0.061980642139300234
synthetic_fixed_seed_not_usgs,170,1000,synthetic_ar1_phi_0_7,16,-0.010480227241444888,-0.09498267866498872,0.061980642139300234
synthetic_fixed_seed_not_usgs,170,1000,synthetic_ar1_phi_0_7,17,-0.058996710685199995,-0.04313826880172291,0.061980642139300234
synthetic_fixed_seed_not_usgs,170,1000,synthetic_ar1_phi_0_7,18,-0.07933561764806778,-0.006195552904937199,0.061980642139300234
synthetic_fixed_seed_not_usgs,170,1000,synthetic_ar1_phi_0_7,19,-0.08284619778345197,-0.0069643882714043245,0.061980642139300234
synthetic_fixed_seed_not_usgs,170,1000,synthetic_ar1_phi_0_7,20,-0.09316793055742921,-0.0473677906100786,0.061980642139300234
synthetic_fixed_seed_not_usgs,170,1000,synthetic_ma1_theta_0_7,0,1.0,1.0,0.061980642139300234
synthetic_fixed_seed_not_usgs,170,1000,synthetic_ma1_theta_0_7,1,0.4542782141840125,0.4542782141840125,0.061980642139300234
synthetic_fixed_seed_not_usgs,170,1000,synthetic_ma1_theta_0_7,2,-0.005068330979507915,-0.26641719620266346,0.061980642139300234
synthetic_fixed_seed_not_usgs,170,1000,synthetic_ma1_theta_0_7,3,0.016973168662409745,0.19112488178610873,0.061980642139300234
synthetic_fixed_seed_not_usgs,170,1000,synthetic_ma1_theta_0_7,4,-0.024504409282203935,-0.17436715056589247,0.061980642139300234
synthetic_fixed_seed_not_usgs,170,1000,synthetic_ma1_theta_0_7,5,-0.019839438524111366,0.12276648390090347,0.061980642139300234
synthetic_fixed_seed_not_usgs,170,1000,synthetic_ma1_theta_0_7,6,0.01214897508050525,-0.07246316516820372,0.061980642139300234
synthetic_fixed_seed_not_usgs,170,1000,synthetic_ma1_theta_0_7,7,0.0005529263336423306,0.04495429656475161,0.061980642139300234
synthetic_fixed_seed_not_usgs,170,1000,synthetic_ma1_theta_0_7,8,0.02213057922083822,0.0058116139562951205,0.061980642139300234
synthetic_fixed_seed_not_usgs,170,1000,synthetic_ma1_theta_0_7,9,0.038558286502901544,0.024745598679752095,0.061980642139300234
synthetic_fixed_seed_not_usgs,170,1000,synthetic_ma1_theta_0_7,10,0.02600918657711654,0.004594444521952398,0.061980642139300234
synthetic_fixed_seed_not_usgs,170,1000,synthetic_ma1_theta_0_7,11,-0.0017774721411059186,-0.020792903218536087,0.061980642139300234
synthetic_fixed_seed_not_usgs,170,1000,synthetic_ma1_theta_0_7,12,-0.032148253806798116,-0.02194293735990743,0.061980642139300234
synthetic_fixed_seed_not_usgs,170,1000,synthetic_ma1_theta_0_7,13,0.004426636861499598,0.04854952956134339,0.061980642139300234
synthetic_fixed_seed_not_usgs,170,1000,synthetic_ma1_theta_0_7,14,0.04655192103019255,0.013033299524775329,0.061980642139300234
synthetic_fixed_seed_not_usgs,170,1000,synthetic_ma1_theta_0_7,15,0.044275419278483524,0.028588969352810262,0.061980642139300234
synthetic_fixed_seed_not_usgs,170,1000,synthetic_ma1_theta_0_7,16,0.020502634569606954,-0.01744095930047127,0.061980642139300234
synthetic_fixed_seed_not_usgs,170,1000,synthetic_ma1_theta_0_7,17,0.0035671657214497014,0.01125311515842289,0.061980642139300234
synthetic_fixed_seed_not_usgs,170,1000,synthetic_ma1_theta_0_7,18,-0.0064206134351620465,-0.016339252751844478,0.061980642139300234
synthetic_fixed_seed_not_usgs,170,1000,synthetic_ma1_theta_0_7,19,0.014624378099757243,0.03976130113751184,0.061980642139300234
synthetic_fixed_seed_not_usgs,170,1000,synthetic_ma1_theta_0_7,20,0.014477567984652742,-0.023824215310928754,0.061980642139300234
synthetic_fixed_seed_not_usgs,170,1000,synthetic_random_walk,0,1.0,1.0,0.061980642139300234
synthetic_fixed_seed_not_usgs,170,1000,synthetic_random_walk,1,0.9924575288385372,0.9924575288385374,0.061980642139300234
synthetic_fixed_seed_not_usgs,170,1000,synthetic_random_walk,2,0.9852328563382594,0.01736151596758714,0.061980642139300234
synthetic_fixed_seed_not_usgs,170,1000,synthetic_random_walk,3,0.9780461110253456,-0.000672356805461255,0.061980642139300234
synthetic_fixed_seed_not_usgs,170,1000,synthetic_random_walk,4,0.970925962299003,0.0009145806117366462,0.061980642139300234
synthetic_fixed_seed_not_usgs,170,1000,synthetic_random_walk,5,0.9637249510550999,-0.008799499235563718,0.061980642139300234
synthetic_fixed_seed_not_usgs,170,1000,synthetic_random_walk,6,0.9569082673922554,0.02172006118477356,0.061980642139300234
synthetic_fixed_seed_not_usgs,170,1000,synthetic_random_walk,7,0.9501715105307866,0.0028901968511076434,0.061980642139300234
synthetic_fixed_seed_not_usgs,170,1000,synthetic_random_walk,8,0.9429550444289638,-0.03506623013573194,0.061980642139300234
synthetic_fixed_seed_not_usgs,170,1000,synthetic_random_walk,9,0.9357832355319784,-0.001778394837588452,0.061980642139300234
synthetic_fixed_seed_not_usgs,170,1000,synthetic_random_walk,10,0.9291540787733399,0.03222260109994996,0.061980642139300234
synthetic_fixed_seed_not_usgs,170,1000,synthetic_random_walk,11,0.9223115568377847,-0.015876285581399845,0.061980642139300234
synthetic_fixed_seed_not_usgs,170,1000,synthetic_random_walk,12,0.915815648466391,0.019769869538378906,0.061980642139300234
synthetic_fixed_seed_not_usgs,170,1000,synthetic_random_walk,13,0.9093876751957234,0.0007815403693045953,0.061980642139300234
synthetic_fixed_seed_not_usgs,170,1000,synthetic_random_walk,14,0.9025294228954983,-0.03257038083865199,0.061980642139300234
synthetic_fixed_seed_not_usgs,170,1000,synthetic_random_walk,15,0.8956365356950559,-0.003857635907272757,0.061980642139300234
synthetic_fixed_seed_not_usgs,170,1000,synthetic_random_walk,16,0.8887421560947499,-0.004461039423518363,0.061980642139300234
synthetic_fixed_seed_not_usgs,170,1000,synthetic_random_walk,17,0.8820168625057976,0.006014501664831582,0.061980642139300234
synthetic_fixed_seed_not_usgs,170,1000,synthetic_random_walk,18,0.8757591393980246,0.02992922242867147,0.061980642139300234
synthetic_fixed_seed_not_usgs,170,1000,synthetic_random_walk,19,0.8695646129203017,0.0005613726085621351,0.061980642139300234
synthetic_fixed_seed_not_usgs,170,1000,synthetic_random_walk,20,0.8629265585278675,-0.03419569820129935,0.061980642139300234
